causa_etiqueta,edad_orden,muertes_total,edad_grupo,total_edad,peso_causa_edad
1001 · Infecciosas y parasitarias,1,3606,0,48630,0.07415175817396669
1001 · Infecciosas y parasitarias,2,1706,1,6811,0.2504771692849802
1001 · Infecciosas y parasitarias,3,562,2,2632,0.2135258358662614
1001 · Infecciosas y parasitarias,4,264,3,1447,0.1824464409122322
1001 · Infecciosas y parasitarias,5,201,4,1142,0.17600700525394045
1001 · Infecciosas y parasitarias,6,575,5-9,3993,0.14400200350613573
1001 · Infecciosas y parasitarias,7,398,10-14,4687,0.08491572434393002
1001 · Infecciosas y parasitarias,8,562,15-19,13011,0.043194220275151796
1001 · Infecciosas y parasitarias,9,1078,20-24,17440,0.06181192660550459
1001 · Infecciosas y parasitarias,10,1475,25-29,17406,0.0847408939446168
1001 · Infecciosas y parasitarias,11,1516,30-34,18461,0.08211906180596934
1001 · Infecciosas y parasitarias,12,1671,35-39,21409,0.07805128684198234
1001 · Infecciosas y parasitarias,13,1575,40-44,23213,0.06784991168741654
1001 · Infecciosas y parasitarias,14,1553,45-49,26606,0.05837029241524468
1001 · Infecciosas y parasitarias,15,1565,50-54,32570,0.04805035308566165
1001 · Infecciosas y parasitarias,16,1650,55-59,40928,0.04031469898358092
1001 · Infecciosas y parasitarias,17,1690,60-64,47678,0.035446117706279624
1001 · Infecciosas y parasitarias,18,1755,65-69,53467,0.03282398488787477
1001 · Infecciosas y parasitarias,19,1826,70-74,58114,0.03142100010324535
1001 · Infecciosas y parasitarias,20,1879,75-79,65186,0.028825207866719847
1001 · Infecciosas y parasitarias,21,1831,80-84,69211,0.02645533224487437
1001 · Infecciosas y parasitarias,22,1617,85-89,65718,0.024605131014333974
1001 · Infecciosas y parasitarias,23,917,90-94,42471,0.021591203409385227
1001 · Infecciosas y parasitarias,24,385,95+,21851,0.017619330923069883
1026 · Neoplasias,1,137,0,48630,0.0028171910343409417
1026 · Neoplasias,2,116,1,6811,0.017031272940831007
1026 · Neoplasias,3,137,2,2632,0.05205167173252279
1026 · Neoplasias,4,126,3,1447,0.08707671043538355
1026 · Neoplasias,5,117,4,1142,0.10245183887915937
1026 · Neoplasias,6,601,5-9,3993,0.15051339844728273
1026 · Neoplasias,7,682,10-14,4687,0.14550885427778962
1026 · Neoplasias,8,1012,15-19,13011,0.07778033971255092
1026 · Neoplasias,9,1116,20-24,17440,0.06399082568807339
1026 · Neoplasias,10,1294,25-29,17406,0.07434218085717569
1026 · Neoplasias,11,1777,30-34,18461,0.09625697416174639
1026 · Neoplasias,12,2608,35-39,21409,0.12181792704002989
1026 · Neoplasias,13,3365,40-44,23213,0.14496187481152803
1026 · Neoplasias,14,4522,45-49,26606,0.16996166278283095
1026 · Neoplasias,15,6042,50-54,32570,0.1855081363217685
1026 · Neoplasias,16,7869,55-59,40928,0.1922644644253323
1026 · Neoplasias,17,9257,60-64,47678,0.1941566340870003
1026 · Neoplasias,18,10525,65-69,53467,0.1968503937007874
1026 · Neoplasias,19,10752,70-74,58114,0.18501565887737895
1026 · Neoplasias,20,10697,75-79,65186,0.1640996532997883
1026 · Neoplasias,21,9088,80-84,69211,0.13130860701333602
1026 · Neoplasias,22,6960,85-89,65718,0.1059070574271889
1026 · Neoplasias,23,3213,90-94,42471,0.07565162110616656
1026 · Neoplasias,24,1119,95+,21851,0.05121047091666285
1048 · Sangre e inmunidad,1,518,0,48630,0.010651860991157721
1048 · Sangre e inmunidad,2,159,1,6811,0.023344589634414915
1048 · Sangre e inmunidad,3,61,2,2632,0.02317629179331307
1048 · Sangre e inmunidad,4,46,3,1447,0.03178991015894955
1048 · Sangre e inmunidad,5,42,4,1142,0.03677758318739054
1048 · Sangre e inmunidad,6,110,5-9,3993,0.027548209366391185
1048 · Sangre e inmunidad,7,133,10-14,4687,0.02837636014508214
1048 · Sangre e inmunidad,8,203,15-19,13011,0.015602182768426716
1048 · Sangre e inmunidad,9,181,20-24,17440,0.010378440366972478
1048 · Sangre e inmunidad,10,206,25-29,17406,0.011834999425485465
1048 · Sangre e inmunidad,11,193,30-34,18461,0.010454471588754672
1048 · Sangre e inmunidad,12,195,35-39,21409,0.009108318931290578
1048 · Sangre e inmunidad,13,180,40-44,23213,0.007754275621419032
1048 · Sangre e inmunidad,14,202,45-49,26606,0.007592272419754942
1048 · Sangre e inmunidad,15,208,50-54,32570,0.006386245010746085
1048 · Sangre e inmunidad,16,258,55-59,40928,0.006303752931978108
1048 · Sangre e inmunidad,17,281,60-64,47678,0.005893703594949453
1048 · Sangre e inmunidad,18,282,65-69,53467,0.0052742813324106455
1048 · Sangre e inmunidad,19,290,70-74,58114,0.00499019169219121
1048 · Sangre e inmunidad,20,357,75-79,65186,0.0054766360875034515
1048 · Sangre e inmunidad,21,369,80-84,69211,0.005331522445853983
1048 · Sangre e inmunidad,22,316,85-89,65718,0.004808423871694208
1048 · Sangre e inmunidad,23,173,90-94,42471,0.004073367709731346
1048 · Sangre e inmunidad,24,95,95+,21851,0.004347627110887374
1051 · Endocrinas y metabólicas,1,1241,0,48630,0.025519226814723423
1051 · Endocrinas y metabólicas,2,611,1,6811,0.08970782557627367
1051 · Endocrinas y metabólicas,3,195,2,2632,0.07408814589665653
1051 · Endocrinas y metabólicas,4,65,3,1447,0.044920525224602624
1051 · Endocrinas y metabólicas,5,61,4,1142,0.053415061295971976
1051 · Endocrinas y metabólicas,6,170,5-9,3993,0.04257450538442274
1051 · Endocrinas y metabólicas,7,161,10-14,4687,0.03435033070194154
1051 · Endocrinas y metabólicas,8,246,15-19,13011,0.018907078625778187
1051 · Endocrinas y metabólicas,9,323,20-24,17440,0.01852064220183486
1051 · Endocrinas y metabólicas,10,455,25-29,17406,0.026140411352407217
1051 · Endocrinas y metabólicas,11,688,30-34,18461,0.03726775364281458
1051 · Endocrinas y metabólicas,12,1099,35-39,21409,0.051333551310196644
1051 · Endocrinas y metabólicas,13,1706,40-44,23213,0.07349330116744927
1051 · Endocrinas y metabólicas,14,2684,45-49,26606,0.10087950086446666
1051 · Endocrinas y metabólicas,15,3945,50-54,32570,0.1211237334970832
1051 · Endocrinas y metabólicas,16,5616,55-59,40928,0.13721657544956997
1051 · Endocrinas y metabólicas,17,6828,60-64,47678,0.14321070514702797
1051 · Endocrinas y metabólicas,18,7291,65-69,53467,0.1363644865056951
1051 · Endocrinas y metabólicas,19,6926,70-74,58114,0.11917954365557352
1051 · Endocrinas y metabólicas,20,6734,75-79,65186,0.1033043905133004
1051 · Endocrinas y metabólicas,21,6065,80-84,69211,0.08763057895421249
1051 · Endocrinas y metabólicas,22,4833,85-89,65718,0.07354149548069022
1051 · Endocrinas y metabólicas,23,2612,90-94,42471,0.061500788773516044
1051 · Endocrinas y metabólicas,24,1063,95+,21851,0.04864765914603451
1055 · Trastornos mentales y del comportamiento,1,4,0,48630,8.225375282747275e-5
1055 · Trastornos mentales y del comportamiento,2,5,1,6811,7.341065922771986e-4
1055 · Trastornos mentales y del comportamiento,3,4,2,2632,0.001519756838905775
1055 · Trastornos mentales y del comportamiento,4,6,3,1447,0.00414651002073255
1055 · Trastornos mentales y del comportamiento,5,2,4,1142,0.0017513134851138354
1055 · Trastornos mentales y del comportamiento,6,12,5-9,3993,0.003005259203606311
1055 · Trastornos mentales y del comportamiento,7,19,10-14,4687,0.004053765735011735
1055 · Trastornos mentales y del comportamiento,8,35,15-19,13011,0.0026900315117977095
1055 · Trastornos mentales y del comportamiento,9,125,20-24,17440,0.007167431192660551
1055 · Trastornos mentales y del comportamiento,10,279,25-29,17406,0.016028955532574975
1055 · Trastornos mentales y del comportamiento,11,489,30-34,18461,0.02648827257461676
1055 · Trastornos mentales y del comportamiento,12,626,35-39,21409,0.029240039235835395
1055 · Trastornos mentales y del comportamiento,13,772,40-44,23213,0.03325722655408607
1055 · Trastornos mentales y del comportamiento,14,686,45-49,26606,0.02578365782154401
1055 · Trastornos mentales y del comportamiento,15,606,50-54,32570,0.018606079214000613
1055 · Trastornos mentales y del comportamiento,16,598,55-59,40928,0.014611024237685693
1055 · Trastornos mentales y del comportamiento,17,491,60-64,47678,0.010298250765552247
1055 · Trastornos mentales y del comportamiento,18,371,65-69,53467,0.00693885948341968
1055 · Trastornos mentales y del comportamiento,19,401,70-74,58114,0.006900230581271294
1055 · Trastornos mentales y del comportamiento,20,393,75-79,65186,0.0060289019114533795
1055 · Trastornos mentales y del comportamiento,21,501,80-84,69211,0.007238733727297684
1055 · Trastornos mentales y del comportamiento,22,552,85-89,65718,0.008399525244225327
1055 · Trastornos mentales y del comportamiento,23,452,90-94,42471,0.010642556097101552
1055 · Trastornos mentales y del comportamiento,24,297,95+,21851,0.013592055283511052
1058 · Sistema nervioso,1,765,0,48630,0.015731030228254166
1058 · Sistema nervioso,2,298,1,6811,0.04375275289972104
1058 · Sistema nervioso,3,170,2,2632,0.06458966565349544
1058 · Sistema nervioso,4,115,3,1447,0.07947477539737388
1058 · Sistema nervioso,5,101,4,1142,0.08844133099824869
1058 · Sistema nervioso,6,414,5-9,3993,0.10368144252441773
1058 · Sistema nervioso,7,398,10-14,4687,0.08491572434393002
1058 · Sistema nervioso,8,538,15-19,13011,0.041349627238490505
1058 · Sistema nervioso,9,551,20-24,17440,0.0315940366972477
1058 · Sistema nervioso,10,508,25-29,17406,0.029185338389061243
1058 · Sistema nervioso,11,480,30-34,18461,0.026000758355452035
1058 · Sistema nervioso,12,502,35-39,21409,0.023448082582091644
1058 · Sistema nervioso,13,455,40-44,23213,0.019601085598587
1058 · Sistema nervioso,14,542,45-49,26606,0.02037134480944148
1058 · Sistema nervioso,15,591,50-54,32570,0.01814553269880258
1058 · Sistema nervioso,16,664,55-59,40928,0.01622361219702893
1058 · Sistema nervioso,17,730,60-64,47678,0.01531104492638114
1058 · Sistema nervioso,18,906,65-69,53467,0.016945031514766118
1058 · Sistema nervioso,19,1004,70-74,58114,0.017276387789517157
1058 · Sistema nervioso,20,1417,75-79,65186,0.02173779645936244
1058 · Sistema nervioso,21,1560,80-84,69211,0.022539769689789196
1058 · Sistema nervioso,22,1534,85-89,65718,0.023342158921452267
1058 · Sistema nervioso,23,823,90-94,42471,0.019377928468837558
1058 · Sistema nervioso,24,311,95+,21851,0.014232758226168138
1062 · Ojo y anexos,1,3,0,48630,6.169031462060457e-5
1062 · Ojo y anexos,2,0,1,6811,0
1062 · Ojo y anexos,3,0,2,2632,0
1062 · Ojo y anexos,4,0,3,1447,0
1062 · Ojo y anexos,5,0,4,1142,0
1062 · Ojo y anexos,6,0,5-9,3993,0
1062 · Ojo y anexos,7,0,10-14,4687,0
1062 · Ojo y anexos,8,0,15-19,13011,0
1062 · Ojo y anexos,9,0,20-24,17440,0
1062 · Ojo y anexos,10,0,25-29,17406,0
1062 · Ojo y anexos,11,1,30-34,18461,5.4168246573858405e-5
1062 · Ojo y anexos,12,1,35-39,21409,4.6709327852772196e-5
1062 · Ojo y anexos,13,0,40-44,23213,0
1062 · Ojo y anexos,14,0,45-49,26606,0
1062 · Ojo y anexos,15,0,50-54,32570,0
1062 · Ojo y anexos,16,2,55-59,40928,4.8866301798279905e-5
1062 · Ojo y anexos,17,2,60-64,47678,4.194806829145518e-5
1062 · Ojo y anexos,18,4,65-69,53467,7.481250116894533e-5
1062 · Ojo y anexos,19,2,70-74,58114,3.441511511856007e-5
1062 · Ojo y anexos,20,4,75-79,65186,6.136286932776976e-5
1062 · Ojo y anexos,21,2,80-84,69211,2.8897140627934866e-5
1062 · Ojo y anexos,22,1,85-89,65718,1.5216531239538634e-5
1062 · Ojo y anexos,23,4,90-94,42471,9.418191236373054e-5
1062 · Ojo y anexos,24,0,95+,21851,0
1063 · Oído y apófisis mastoides,1,3,0,48630,6.169031462060457e-5
1063 · Oído y apófisis mastoides,2,1,1,6811,1.4682131845543972e-4
1063 · Oído y apófisis mastoides,3,1,2,2632,3.7993920972644377e-4
1063 · Oído y apófisis mastoides,4,0,3,1447,0
1063 · Oído y apófisis mastoides,5,0,4,1142,0
1063 · Oído y apófisis mastoides,6,0,5-9,3993,0
1063 · Oído y apófisis mastoides,7,0,10-14,4687,0
1063 · Oído y apófisis mastoides,8,4,15-19,13011,3.074321727768811e-4
1063 · Oído y apófisis mastoides,9,3,20-24,17440,1.7201834862385322e-4
1063 · Oído y apófisis mastoides,10,1,25-29,17406,5.74514535217741e-5
1063 · Oído y apófisis mastoides,11,1,30-34,18461,5.4168246573858405e-5
1063 · Oído y apófisis mastoides,12,2,35-39,21409,9.341865570554439e-5
1063 · Oído y apófisis mastoides,13,2,40-44,23213,8.615861801576703e-5
1063 · Oído y apófisis mastoides,14,4,45-49,26606,0.00015034202811395924
1063 · Oído y apófisis mastoides,15,1,50-54,32570,3.0703101013202333e-5
1063 · Oído y apófisis mastoides,16,0,55-59,40928,0
1063 · Oído y apófisis mastoides,17,2,60-64,47678,4.194806829145518e-5
1063 · Oído y apófisis mastoides,18,1,65-69,53467,1.8703125292236334e-5
1063 · Oído y apófisis mastoides,19,0,70-74,58114,0
1063 · Oído y apófisis mastoides,20,0,75-79,65186,0
1063 · Oído y apófisis mastoides,21,0,80-84,69211,0
1063 · Oído y apófisis mastoides,22,1,85-89,65718,1.5216531239538634e-5
1063 · Oído y apófisis mastoides,23,2,90-94,42471,4.709095618186527e-5
1063 · Oído y apófisis mastoides,24,1,95+,21851,4.576449590407762e-5
1064 · Sistema circulatorio,1,778,0,48630,0.01599835492494345
1064 · Sistema circulatorio,2,154,1,6811,0.022610483042137718
1064 · Sistema circulatorio,3,58,2,2632,0.022036474164133738
1064 · Sistema circulatorio,4,41,3,1447,0.028334485141672427
1064 · Sistema circulatorio,5,26,4,1142,0.02276707530647986
1064 · Sistema circulatorio,6,175,5-9,3993,0.0438266967192587
1064 · Sistema circulatorio,7,354,10-14,4687,0.0755280563260081
1064 · Sistema circulatorio,8,641,15-19,13011,0.049266005687495194
1064 · Sistema circulatorio,9,942,20-24,17440,0.05401376146788991
1064 · Sistema circulatorio,10,1137,25-29,17406,0.06532230265425715
1064 · Sistema circulatorio,11,1547,30-34,18461,0.08379827744975896
1064 · Sistema circulatorio,12,2276,35-39,21409,0.10631043019290952
1064 · Sistema circulatorio,13,3003,40-44,23213,0.12936716495067418
1064 · Sistema circulatorio,14,4057,45-49,26606,0.1524844020145832
1064 · Sistema circulatorio,15,5848,50-54,32570,0.17955173472520725
1064 · Sistema circulatorio,16,8123,55-59,40928,0.19847048475371384
1064 · Sistema circulatorio,17,10567,60-64,47678,0.22163261881790344
1064 · Sistema circulatorio,18,12943,65-69,53467,0.24207455065741484
1064 · Sistema circulatorio,19,15900,70-74,58114,0.2736001651925526
1064 · Sistema circulatorio,20,19356,75-79,65186,0.2969349246770779
1064 · Sistema circulatorio,21,22826,80-84,69211,0.3298030659866206
1064 · Sistema circulatorio,22,23235,85-89,65718,0.35355610335068016
1064 · Sistema circulatorio,23,16083,90-94,42471,0.3786819241364696
1064 · Sistema circulatorio,24,9253,95+,21851,0.4234588806004302
1072 · Sistema respiratorio,1,7463,0,48630,0.1534649393378573
1072 · Sistema respiratorio,2,2097,1,6811,0.3078843048010571
1072 · Sistema respiratorio,3,705,2,2632,0.26785714285714285
1072 · Sistema respiratorio,4,344,3,1447,0.2377332411886662
1072 · Sistema respiratorio,5,231,4,1142,0.202276707530648
1072 · Sistema respiratorio,6,593,5-9,3993,0.1485098923115452
1072 · Sistema respiratorio,7,496,10-14,4687,0.10582462129293792
1072 · Sistema respiratorio,8,711,15-19,13011,0.054646068711090616
1072 · Sistema respiratorio,9,792,20-24,17440,0.04541284403669725
1072 · Sistema respiratorio,10,814,25-29,17406,0.04676548316672412
1072 · Sistema respiratorio,11,931,30-34,18461,0.05043063756026218
1072 · Sistema respiratorio,12,1084,35-39,21409,0.05063291139240506
1072 · Sistema respiratorio,13,1193,40-44,23213,0.05139361564640503
1072 · Sistema respiratorio,14,1455,45-49,26606,0.05468691272645268
1072 · Sistema respiratorio,15,1940,50-54,32570,0.059564015965612525
1072 · Sistema respiratorio,16,2546,55-59,40928,0.06220680218921032
1072 · Sistema respiratorio,17,3329,60-64,47678,0.06982255967112715
1072 · Sistema respiratorio,18,4354,65-69,53467,0.08143340752239699
1072 · Sistema respiratorio,19,5706,70-74,58114,0.09818632343325188
1072 · Sistema respiratorio,20,7723,75-79,65186,0.11847635995459148
1072 · Sistema respiratorio,21,9559,80-84,69211,0.13811388363121468
1072 · Sistema respiratorio,22,10076,85-89,65718,0.15332176876959128
1072 · Sistema respiratorio,23,7017,90-94,42471,0.16521861976407431
1072 · Sistema respiratorio,24,3625,95+,21851,0.16589629765228137
1078 · Sistema digestivo,1,663,0,48630,0.013633559531153609
1078 · Sistema digestivo,2,218,1,6811,0.03200704742328586
1078 · Sistema digestivo,3,92,2,2632,0.034954407294832825
1078 · Sistema digestivo,4,70,3,1447,0.04837595024187975
1078 · Sistema digestivo,5,48,4,1142,0.04203152364273205
1078 · Sistema digestivo,6,201,5-9,3993,0.05033809166040571
1078 · Sistema digestivo,7,207,10-14,4687,0.04416471090249627
1078 · Sistema digestivo,8,403,15-19,13011,0.03097379140727077
1078 · Sistema digestivo,9,626,20-24,17440,0.035894495412844035
1078 · Sistema digestivo,10,1072,25-29,17406,0.061587958175341836
1078 · Sistema digestivo,11,1738,30-34,18461,0.0941444125453659
1078 · Sistema digestivo,12,2571,35-39,21409,0.12008968190947732
1078 · Sistema digestivo,13,3088,40-44,23213,0.13302890621634428
1078 · Sistema digestivo,14,3466,45-49,26606,0.1302713673607457
1078 · Sistema digestivo,15,4138,50-54,32570,0.12704943199263125
1078 · Sistema digestivo,16,5014,55-59,40928,0.12250781860828773
1078 · Sistema digestivo,17,5128,60-64,47678,0.10755484709929108
1078 · Sistema digestivo,18,4934,65-69,53467,0.09228122019189407
1078 · Sistema digestivo,19,4593,70-74,58114,0.07903431186977321
1078 · Sistema digestivo,20,4433,75-79,65186,0.06800539993250085
1078 · Sistema digestivo,21,3850,80-84,69211,0.055626995708774614
1078 · Sistema digestivo,22,2977,85-89,65718,0.045299613500106514
1078 · Sistema digestivo,23,1608,90-94,42471,0.03786112877021968
1078 · Sistema digestivo,24,656,95+,21851,0.030021509313074915
1082 · Piel y tejido subcutáneo,1,36,0,48630,7.402837754472548e-4
1082 · Piel y tejido subcutáneo,2,12,1,6811,0.0017618558214652768
1082 · Piel y tejido subcutáneo,3,6,2,2632,0.0022796352583586625
1082 · Piel y tejido subcutáneo,4,7,3,1447,0.0048375950241879755
1082 · Piel y tejido subcutáneo,5,1,4,1142,8.756567425569177e-4
1082 · Piel y tejido subcutáneo,6,10,5-9,3993,0.002504382669671926
1082 · Piel y tejido subcutáneo,7,17,10-14,4687,0.0036270535523789203
1082 · Piel y tejido subcutáneo,8,39,15-19,13011,0.0029974636845745907
1082 · Piel y tejido subcutáneo,9,50,20-24,17440,0.0028669724770642203
1082 · Piel y tejido subcutáneo,10,32,25-29,17406,0.0018384465126967712
1082 · Piel y tejido subcutáneo,11,45,30-34,18461,0.002437571095823628
1082 · Piel y tejido subcutáneo,12,56,35-39,21409,0.002615722359755243
1082 · Piel y tejido subcutáneo,13,68,40-44,23213,0.002929393012536079
1082 · Piel y tejido subcutáneo,14,68,45-49,26606,0.0025558144779373074
1082 · Piel y tejido subcutáneo,15,114,50-54,32570,0.003500153515505066
1082 · Piel y tejido subcutáneo,16,128,55-59,40928,0.003127443315089914
1082 · Piel y tejido subcutáneo,17,155,60-64,47678,0.003250975292587776
1082 · Piel y tejido subcutáneo,18,198,65-69,53467,0.003703218807862794
1082 · Piel y tejido subcutáneo,19,214,70-74,58114,0.003682417317685928
1082 · Piel y tejido subcutáneo,20,263,75-79,65186,0.004034608658300862
1082 · Piel y tejido subcutáneo,21,321,80-84,69211,0.004637991070783546
1082 · Piel y tejido subcutáneo,22,345,85-89,65718,0.005249703277640829
1082 · Piel y tejido subcutáneo,23,296,90-94,42471,0.00696946151491606
1082 · Piel y tejido subcutáneo,24,169,95+,21851,0.0077341998077891175
1083 · Sistema osteomuscular,1,20,0,48630,4.1126876413736374e-4
1083 · Sistema osteomuscular,2,7,1,6811,0.0010277492291880781
1083 · Sistema osteomuscular,3,4,2,2632,0.001519756838905775
1083 · Sistema osteomuscular,4,6,3,1447,0.00414651002073255
1083 · Sistema osteomuscular,5,4,4,1142,0.0035026269702276708
1083 · Sistema osteomuscular,6,19,5-9,3993,0.004758327072376659
1083 · Sistema osteomuscular,7,62,10-14,4687,0.01322807766161724
1083 · Sistema osteomuscular,8,103,15-19,13011,0.007916378449004688
1083 · Sistema osteomuscular,9,132,20-24,17440,0.007568807339449542
1083 · Sistema osteomuscular,10,153,25-29,17406,0.008790072388831437
1083 · Sistema osteomuscular,11,131,30-34,18461,0.0070960403011754505
1083 · Sistema osteomuscular,12,163,35-39,21409,0.007613620440001868
1083 · Sistema osteomuscular,13,135,40-44,23213,0.005815706716064274
1083 · Sistema osteomuscular,14,193,45-49,26606,0.007254002856498534
1083 · Sistema osteomuscular,15,211,50-54,32570,0.006478354313785692
1083 · Sistema osteomuscular,16,229,55-59,40928,0.0055951915559030495
1083 · Sistema osteomuscular,17,237,60-64,47678,0.004970846092537439
1083 · Sistema osteomuscular,18,259,65-69,53467,0.00484410945068921
1083 · Sistema osteomuscular,19,258,70-74,58114,0.004439549850294249
1083 · Sistema osteomuscular,20,315,75-79,65186,0.004832325959561869
1083 · Sistema osteomuscular,21,353,80-84,69211,0.005100345320830504
1083 · Sistema osteomuscular,22,332,85-89,65718,0.005051888371526827
1083 · Sistema osteomuscular,23,203,90-94,42471,0.004779732052459325
1083 · Sistema osteomuscular,24,133,95+,21851,0.006086677955242323
1084 · Sistema genitourinario,1,294,0,48630,0.006045650832819247
1084 · Sistema genitourinario,2,76,1,6811,0.01115842020261342
1084 · Sistema genitourinario,3,38,2,2632,0.014437689969604863
1084 · Sistema genitourinario,4,22,3,1447,0.01520387007601935
1084 · Sistema genitourinario,5,30,4,1142,0.02626970227670753
1084 · Sistema genitourinario,6,112,5-9,3993,0.02804908590032557
1084 · Sistema genitourinario,7,190,10-14,4687,0.04053765735011734
1084 · Sistema genitourinario,8,427,15-19,13011,0.03281838444393206
1084 · Sistema genitourinario,9,618,20-24,17440,0.03543577981651376
1084 · Sistema genitourinario,10,657,25-29,17406,0.037745604963805586
1084 · Sistema genitourinario,11,926,30-34,18461,0.05015979632739288
1084 · Sistema genitourinario,12,1275,35-39,21409,0.05955439301228455
1084 · Sistema genitourinario,13,1605,40-44,23213,0.06914229095765304
1084 · Sistema genitourinario,14,2028,45-49,26606,0.07622340825377734
1084 · Sistema genitourinario,15,2514,50-54,32570,0.07718759594719067
1084 · Sistema genitourinario,16,3239,55-59,40928,0.07913897576231431
1084 · Sistema genitourinario,17,3842,60-64,47678,0.0805822391878854
1084 · Sistema genitourinario,18,4019,65-69,53467,0.07516786054949783
1084 · Sistema genitourinario,19,3929,70-74,58114,0.06760849365041126
1084 · Sistema genitourinario,20,4121,75-79,65186,0.0632190961249348
1084 · Sistema genitourinario,21,3756,80-84,69211,0.05426883009926168
1084 · Sistema genitourinario,22,3339,85-89,65718,0.0508079978088195
1084 · Sistema genitourinario,23,1807,90-94,42471,0.04254667891031527
1084 · Sistema genitourinario,24,830,95+,21851,0.037984531600384425
"1087 · Embarazo, parto y puerperio",1,0,0,48630,0
"1087 · Embarazo, parto y puerperio",2,0,1,6811,0
"1087 · Embarazo, parto y puerperio",3,0,2,2632,0
"1087 · Embarazo, parto y puerperio",4,0,3,1447,0
"1087 · Embarazo, parto y puerperio",5,0,4,1142,0
"1087 · Embarazo, parto y puerperio",6,0,5-9,3993,0
"1087 · Embarazo, parto y puerperio",7,11,10-14,4687,0.002346917004480478
"1087 · Embarazo, parto y puerperio",8,244,15-19,13011,0.018753362539389747
"1087 · Embarazo, parto y puerperio",9,346,20-24,17440,0.019839449541284405
"1087 · Embarazo, parto y puerperio",10,336,25-29,17406,0.019303688383316097
"1087 · Embarazo, parto y puerperio",11,327,30-34,18461,0.017713016629651697
"1087 · Embarazo, parto y puerperio",12,288,35-39,21409,0.013452286421598392
"1087 · Embarazo, parto y puerperio",13,146,40-44,23213,0.006289579115150993
"1087 · Embarazo, parto y puerperio",14,17,45-49,26606,6.389536194843268e-4
"1087 · Embarazo, parto y puerperio",15,8,50-54,32570,2.4562480810561867e-4
"1087 · Embarazo, parto y puerperio",16,0,55-59,40928,0
"1087 · Embarazo, parto y puerperio",17,0,60-64,47678,0
"1087 · Embarazo, parto y puerperio",18,0,65-69,53467,0
"1087 · Embarazo, parto y puerperio",19,0,70-74,58114,0
"1087 · Embarazo, parto y puerperio",20,0,75-79,65186,0
"1087 · Embarazo, parto y puerperio",21,0,80-84,69211,0
"1087 · Embarazo, parto y puerperio",22,0,85-89,65718,0
"1087 · Embarazo, parto y puerperio",23,0,90-94,42471,0
"1087 · Embarazo, parto y puerperio",24,0,95+,21851,0
1092 · Condiciones perinatales,1,20893,0,48630,0.42963191445609705
1092 · Condiciones perinatales,2,1,1,6811,1.4682131845543972e-4
1092 · Condiciones perinatales,3,0,2,2632,0
1092 · Condiciones perinatales,4,0,3,1447,0
1092 · Condiciones perinatales,5,0,4,1142,0
1092 · Condiciones perinatales,6,0,5-9,3993,0
1092 · Condiciones perinatales,7,0,10-14,4687,0
1092 · Condiciones perinatales,8,0,15-19,13011,0
1092 · Condiciones perinatales,9,0,20-24,17440,0
1092 · Condiciones perinatales,10,0,25-29,17406,0
1092 · Condiciones perinatales,11,0,30-34,18461,0
1092 · Condiciones perinatales,12,0,35-39,21409,0
1092 · Condiciones perinatales,13,0,40-44,23213,0
1092 · Condiciones perinatales,14,0,45-49,26606,0
1092 · Condiciones perinatales,15,0,50-54,32570,0
1092 · Condiciones perinatales,16,0,55-59,40928,0
1092 · Condiciones perinatales,17,0,60-64,47678,0
1092 · Condiciones perinatales,18,0,65-69,53467,0
1092 · Condiciones perinatales,19,0,70-74,58114,0
1092 · Condiciones perinatales,20,0,75-79,65186,0
1092 · Condiciones perinatales,21,0,80-84,69211,0
1092 · Condiciones perinatales,22,0,85-89,65718,0
1092 · Condiciones perinatales,23,0,90-94,42471,0
1092 · Condiciones perinatales,24,0,95+,21851,0
1093 · Malformaciones congénitas,1,8732,0,48630,0.17955994242237303
1093 · Malformaciones congénitas,2,478,1,6811,0.07018059022170019
1093 · Malformaciones congénitas,3,191,2,2632,0.07256838905775076
1093 · Malformaciones congénitas,4,94,3,1447,0.06496199032480995
1093 · Malformaciones congénitas,5,87,4,1142,0.07618213660245184
1093 · Malformaciones congénitas,6,212,5-9,3993,0.05309291259704483
1093 · Malformaciones congénitas,7,165,10-14,4687,0.03520375506720717
1093 · Malformaciones congénitas,8,205,15-19,13011,0.015755898854815157
1093 · Malformaciones congénitas,9,139,20-24,17440,0.007970183486238533
1093 · Malformaciones congénitas,10,110,25-29,17406,0.006319659887395151
1093 · Malformaciones congénitas,11,76,30-34,18461,0.004116786739613239
1093 · Malformaciones congénitas,12,63,35-39,21409,0.0029426876547246484
1093 · Malformaciones congénitas,13,34,40-44,23213,0.0014646965062680396
1093 · Malformaciones congénitas,14,40,45-49,26606,0.0015034202811395926
1093 · Malformaciones congénitas,15,32,50-54,32570,9.824992324224747e-4
1093 · Malformaciones congénitas,16,36,55-59,40928,8.795934323690383e-4
1093 · Malformaciones congénitas,17,36,60-64,47678,7.550652292461932e-4
1093 · Malformaciones congénitas,18,26,65-69,53467,4.8628125759814467e-4
1093 · Malformaciones congénitas,19,30,70-74,58114,5.162267267784011e-4
1093 · Malformaciones congénitas,20,25,75-79,65186,3.8351793329856104e-4
1093 · Malformaciones congénitas,21,20,80-84,69211,2.8897140627934866e-4
1093 · Malformaciones congénitas,22,27,85-89,65718,4.108463434675431e-4
1093 · Malformaciones congénitas,23,15,90-94,42471,3.531821713639895e-4
1093 · Malformaciones congénitas,24,22,95+,21851,0.0010068189098897077
1094 · Síntomas y hallazgos no clasificados,1,3387,0,48630,0.06964836520666255
1094 · Síntomas y hallazgos no clasificados,2,770,1,6811,0.1130524152106886
1094 · Síntomas y hallazgos no clasificados,3,308,2,2632,0.11702127659574468
1094 · Síntomas y hallazgos no clasificados,4,160,3,1447,0.11057360055286801
1094 · Síntomas y hallazgos no clasificados,5,117,4,1142,0.10245183887915937
1094 · Síntomas y hallazgos no clasificados,6,437,5-9,3993,0.10944152266466316
1094 · Síntomas y hallazgos no clasificados,7,565,10-14,4687,0.12054619159377
1094 · Síntomas y hallazgos no clasificados,8,846,15-19,13011,0.06502190454231035
1094 · Síntomas y hallazgos no clasificados,9,1029,20-24,17440,0.05900229357798165
1094 · Síntomas y hallazgos no clasificados,10,1157,25-29,17406,0.06647133172469263
1094 · Síntomas y hallazgos no clasificados,11,1264,30-34,18461,0.06846866366935703
1094 · Síntomas y hallazgos no clasificados,12,1551,35-39,21409,0.07244616749964967
1094 · Síntomas y hallazgos no clasificados,13,1740,40-44,23213,0.07495799767371732
1094 · Síntomas y hallazgos no clasificados,14,1945,45-49,26606,0.07310381117041269
1094 · Síntomas y hallazgos no clasificados,15,2375,50-54,32570,0.07291986490635555
1094 · Síntomas y hallazgos no clasificados,16,2990,55-59,40928,0.07305512118842845
1094 · Síntomas y hallazgos no clasificados,17,3559,60-64,47678,0.0746465875246445
1094 · Síntomas y hallazgos no clasificados,18,4396,65-69,53467,0.08221893878467092
1094 · Síntomas y hallazgos no clasificados,19,5413,70-74,58114,0.09314450906838283
1094 · Síntomas y hallazgos no clasificados,20,6755,75-79,65186,0.10362654557727119
1094 · Síntomas y hallazgos no clasificados,21,8613,80-84,69211,0.1244455361142015
1094 · Síntomas y hallazgos no clasificados,22,9299,85-89,65718,0.14149852399646975
1094 · Síntomas y hallazgos no clasificados,23,7134,90-94,42471,0.16797344070071343
1094 · Síntomas y hallazgos no clasificados,24,3839,95+,21851,0.17568989977575397
1096 · Accidentes de transporte,1,46,0,48630,9.459181575159366e-4
1096 · Accidentes de transporte,2,83,1,6811,0.012186169431801498
1096 · Accidentes de transporte,3,73,2,2632,0.027735562310030396
1096 · Accidentes de transporte,4,54,3,1447,0.03731859018659295
1096 · Accidentes de transporte,5,63,4,1142,0.05516637478108581
1096 · Accidentes de transporte,6,267,5-9,3993,0.06686701728024042
1096 · Accidentes de transporte,7,326,10-14,4687,0.0695540857691487
1096 · Accidentes de transporte,8,1266,15-19,13011,0.09730228268388287
1096 · Accidentes de transporte,9,2460,20-24,17440,0.14105504587155962
1096 · Accidentes de transporte,10,2291,25-29,17406,0.13162128001838447
1096 · Accidentes de transporte,11,1905,30-34,18461,0.10319050972320026
1096 · Accidentes de transporte,12,1512,35-39,21409,0.07062450371339156
1096 · Accidentes de transporte,13,1261,40-44,23213,0.05432300865894111
1096 · Accidentes de transporte,14,1124,45-49,26606,0.04224610990002255
1096 · Accidentes de transporte,15,1022,50-54,32570,0.03137856923549279
1096 · Accidentes de transporte,16,939,55-59,40928,0.022942728694292414
1096 · Accidentes de transporte,17,784,60-64,47678,0.01644364277025043
1096 · Accidentes de transporte,18,700,65-69,53467,0.013092187704565434
1096 · Accidentes de transporte,19,530,70-74,58114,0.00912000550641842
1096 · Accidentes de transporte,20,488,75-79,65186,0.007486270057987912
1096 · Accidentes de transporte,21,350,80-84,69211,0.005056999609888602
1096 · Accidentes de transporte,22,193,85-89,65718,0.0029367905292309567
1096 · Accidentes de transporte,23,73,90-94,42471,0.0017188199006380825
1096 · Accidentes de transporte,24,24,95+,21851,0.0010983479016978628
1102 · Agresiones,1,41,0,48630,8.431009664815958e-4
1102 · Agresiones,2,19,1,6811,0.002789605050653355
1102 · Agresiones,3,27,2,2632,0.010258358662613981
1102 · Agresiones,4,27,3,1447,0.018659295093296474
1102 · Agresiones,5,11,4,1142,0.009632224168126095
1102 · Agresiones,6,85,5-9,3993,0.02128725269221137
1102 · Agresiones,7,503,10-14,4687,0.10731811393215276
1102 · Agresiones,8,5526,15-19,13011,0.4247175466912612
1102 · Agresiones,9,6929,20-24,17440,0.3973050458715596
1102 · Agresiones,10,5429,25-29,17406,0.3119039411697116
1102 · Agresiones,11,4426,30-34,18461,0.23974865933589729
1102 · Agresiones,12,3866,35-39,21409,0.1805782614788173
1102 · Agresiones,13,2885,40-44,23213,0.12428380648774394
1102 · Agresiones,14,2020,45-49,26606,0.07592272419754942
1102 · Agresiones,15,1410,50-54,32570,0.04329137242861529
1102 · Agresiones,16,1027,55-59,40928,0.02509284597341673
1102 · Agresiones,17,760,60-64,47678,0.015940265950752968
1102 · Agresiones,18,503,65-69,53467,0.009407672021994875
1102 · Agresiones,19,340,70-74,58114,0.005850569570155212
1102 · Agresiones,20,226,75-79,65186,0.003467002117018992
1102 · Agresiones,21,147,80-84,69211,0.0021239398361532127
1102 · Agresiones,22,81,85-89,65718,0.0012325390304026294
1102 · Agresiones,23,39,90-94,42471,9.182736455463728e-4
1102 · Agresiones,24,29,95+,21851,0.0013271703812182509
