Cause,icd10_code
A009,1001
A010,1001
A020,1001
A021,1001
A022,1001
A029,1001
A030,1001
A033,1001
A039,1001
A040,1001
A041,1001
A042,1001
A044,1001
A045,1001
A047,1001
A048,1001
A049,1001
A050,1001
A052,1001
A059,1001
A060,1001
A061,1001
A064,1001
A067,1001
A069,1001
A071,1001
A080,1001
A083,1001
A084,1001
A085,1001
A090,1001
A099,1001
A150,1001
A151,1001
A152,1001
A153,1001
A154,1001
A155,1001
A156,1001
A157,1001
A159,1001
A160,1001
A161,1001
A162,1001
A163,1001
A164,1001
A165,1001
A167,1001
A168,1001
A169,1001
A170,1001
A171,1001
A178,1001
A179,1001
A180,1001
A181,1001
A182,1001
A183,1001
A187,1001
A188,1001
A190,1001
A191,1001
A192,1001
A199,1001
A220,1001
A241,1001
A270,1001
A278,1001
A279,1001
A280,1001
A288,1001
A305,1001
A309,1001
A310,1001
A319,1001
A321,1001
A327,1001
A329,1001
A35,1001
A370,1001
A379,1001
A38,1001
A390,1001
A392,1001
A394,1001
A395,1001
A399,1001
A400,1001
A401,1001
A403,1001
A408,1001
A409,1001
A410,1001
A411,1001
A412,1001
A413,1001
A414,1001
A415,1001
A418,1001
A419,1001
A428,1001
A449,1001
A46,1001
A480,1001
A483,1001
A488,1001
A490,1001
A491,1001
A492,1001
A493,1001
A498,1001
A499,1001
A500,1001
A502,1001
A503,1001
A504,1001
A509,1001
A521,1001
A523,1001
A529,1001
A530,1001
A539,1001
A542,1001
A55,1001
A568,1001
A64,1001
A690,1001
A698,1001
A699,1001
A710,1001
A799,1001
A810,1001
A812,1001
A819,1001
A829,1001
A858,1001
A86,1001
A870,1001
A872,1001
A878,1001
A879,1001
A888,1001
A89,1001
A90,1001
A91,1001
A920,1001
A922,1001
A928,1001
A959,1001
A971,1001
A979,1001
A985,1001
A99,1001
B002,1001
B003,1001
B004,1001
B007,1001
B009,1001
B010,1001
B011,1001
B012,1001
B018,1001
B019,1001
B020,1001
B021,1001
B028,1001
B029,1001
B03,1001
B068,1001
B083,1001
B085,1001
B09,1001
B150,1001
B159,1001
B160,1001
B162,1001
B169,1001
B171,1001
B172,1001
B178,1001
B179,1001
B181,1001
B182,1001
B189,1001
B190,1001
B199,1001
B200,1001
B201,1001
B202,1001
B203,1001
B204,1001
B205,1001
B206,1001
B207,1001
B208,1001
B209,1001
B210,1001
B211,1001
B212,1001
B213,1001
B217,1001
B218,1001
B219,1001
B220,1001
B221,1001
B222,1001
B227,1001
B230,1001
B232,1001
B238,1001
B24,1001
B250,1001
B251,1001
B258,1001
B259,1001
B269,1001
B270,1001
B279,1001
B333,1001
B334,1001
B340,1001
B343,1001
B348,1001
B349,1001
B361,1001
B369,1001
B370,1001
B371,1001
B374,1001
B377,1001
B378,1001
B379,1001
B382,1001
B389,1001
B390,1001
B392,1001
B393,1001
B399,1001
B402,1001
B419,1001
B429,1001
B431,1001
B432,1001
B440,1001
B441,1001
B449,1001
B451,1001
B452,1001
B457,1001
B459,1001
B461,1001
B464,1001
B465,1001
B479,1001
B49,1001
B508,1001
B509,1001
B519,1001
B529,1001
B54,1001
B550,1001
B551,1001
B552,1001
B559,1001
B570,1001
B572,1001
B573,1001
B575,1001
B582,1001
B583,1001
B588,1001
B589,1001
B59,1001
B690,1001
B698,1001
B699,1001
B740,1001
B770,1001
B778,1001
B779,1001
B829,1001
B86,1001
B889,1001
B89,1001
B900,1001
B901,1001
B908,1001
B909,1001
B91,1001
B92,1001
B941,1001
B942,1001
B948,1001
B949,1001
B99,1001
C000,1026
C001,1026
C002,1026
C004,1026
C009,1026
C01,1026
C020,1026
C021,1026
C024,1026
C028,1026
C029,1026
C030,1026
C031,1026
C039,1026
C040,1026
C049,1026
C050,1026
C051,1026
C052,1026
C059,1026
C060,1026
C061,1026
C062,1026
C068,1026
C069,1026
C07,1026
C080,1026
C081,1026
C089,1026
C090,1026
C099,1026
C100,1026
C103,1026
C104,1026
C108,1026
C109,1026
C111,1026
C112,1026
C118,1026
C119,1026
C12,1026
C139,1026
C140,1026
C142,1026
C148,1026
C150,1026
C151,1026
C152,1026
C153,1026
C154,1026
C155,1026
C158,1026
C159,1026
C160,1026
C161,1026
C162,1026
C163,1026
C164,1026
C168,1026
C169,1026
C170,1026
C171,1026
C172,1026
C178,1026
C179,1026
C180,1026
C181,1026
C182,1026
C183,1026
C184,1026
C185,1026
C186,1026
C187,1026
C188,1026
C189,1026
C19,1026
C20,1026
C210,1026
C211,1026
C212,1026
C218,1026
C220,1026
C221,1026
C222,1026
C223,1026
C224,1026
C227,1026
C229,1026
C23,1026
C240,1026
C241,1026
C248,1026
C249,1026
C250,1026
C251,1026
C252,1026
C253,1026
C254,1026
C257,1026
C258,1026
C259,1026
C260,1026
C261,1026
C268,1026
C269,1026
C300,1026
C301,1026
C310,1026
C311,1026
C312,1026
C313,1026
C318,1026
C319,1026
C320,1026
C321,1026
C322,1026
C323,1026
C329,1026
C33,1026
C340,1026
C341,1026
C342,1026
C343,1026
C348,1026
C349,1026
C37,1026
C380,1026
C381,1026
C382,1026
C383,1026
C384,1026
C388,1026
C390,1026
C398,1026
C399,1026
C400,1026
C401,1026
C402,1026
C403,1026
C409,1026
C410,1026
C411,1026
C412,1026
C413,1026
C414,1026
C418,1026
C419,1026
C431,1026
C432,1026
C433,1026
C434,1026
C435,1026
C436,1026
C437,1026
C438,1026
C439,1026
C440,1026
C441,1026
C442,1026
C443,1026
C444,1026
C445,1026
C446,1026
C447,1026
C448,1026
C449,1026
C450,1026
C451,1026
C457,1026
C459,1026
C460,1026
C461,1026
C467,1026
C469,1026
C470,1026
C471,1026
C472,1026
C473,1026
C474,1026
C475,1026
C479,1026
C480,1026
C481,1026
C482,1026
C488,1026
C490,1026
C491,1026
C492,1026
C493,1026
C494,1026
C495,1026
C496,1026
C498,1026
C499,1026
C500,1026
C501,1026
C502,1026
C503,1026
C504,1026
C505,1026
C506,1026
C508,1026
C509,1026
C510,1026
C519,1026
C52,1026
C530,1026
C531,1026
C538,1026
C539,1026
C540,1026
C541,1026
C542,1026
C549,1026
C55,1026
C56,1026
C570,1026
C574,1026
C578,1026
C579,1026
C58,1026
C600,1026
C602,1026
C609,1026
C61,1026
C620,1026
C629,1026
C630,1026
C631,1026
C632,1026
C637,1026
C638,1026
C639,1026
C64,1026
C65,1026
C66,1026
C670,1026
C671,1026
C673,1026
C674,1026
C675,1026
C676,1026
C678,1026
C679,1026
C680,1026
C688,1026
C689,1026
C691,1026
C692,1026
C693,1026
C694,1026
C696,1026
C699,1026
C700,1026
C701,1026
C709,1026
C710,1026
C711,1026
C712,1026
C713,1026
C714,1026
C715,1026
C716,1026
C717,1026
C718,1026
C719,1026
C720,1026
C722,1026
C723,1026
C724,1026
C725,1026
C728,1026
C729,1026
C73,1026
C740,1026
C741,1026
C749,1026
C750,1026
C751,1026
C752,1026
C753,1026
C755,1026
C759,1026
C760,1026
C761,1026
C762,1026
C763,1026
C764,1026
C765,1026
C767,1026
C768,1026
C800,1026
C809,1026
C810,1026
C811,1026
C812,1026
C817,1026
C819,1026
C820,1026
C822,1026
C826,1026
C827,1026
C829,1026
C830,1026
C831,1026
C833,1026
C835,1026
C837,1026
C838,1026
C839,1026
C840,1026
C841,1026
C844,1026
C845,1026
C848,1026
C849,1026
C851,1026
C852,1026
C857,1026
C859,1026
C861,1026
C864,1026
C866,1026
C880,1026
C887,1026
C889,1026
C900,1026
C901,1026
C902,1026
C903,1026
C910,1026
C911,1026
C913,1026
C914,1026
C915,1026
C917,1026
C919,1026
C920,1026
C921,1026
C922,1026
C923,1026
C924,1026
C925,1026
C927,1026
C929,1026
C930,1026
C931,1026
C939,1026
C940,1026
C942,1026
C943,1026
C944,1026
C946,1026
C947,1026
C950,1026
C951,1026
C957,1026
C959,1026
C962,1026
C966,1026
C968,1026
C969,1026
D000,1026
D001,1026
D002,1026
D010,1026
D011,1026
D012,1026
D015,1026
D019,1026
D020,1026
D022,1026
D023,1026
D036,1026
D038,1026
D040,1026
D043,1026
D046,1026
D049,1026
D050,1026
D051,1026
D057,1026
D059,1026
D060,1026
D067,1026
D069,1026
D070,1026
D073,1026
D075,1026
D076,1026
D090,1026
D093,1026
D097,1026
D099,1026
D101,1026
D105,1026
D106,1026
D110,1026
D119,1026
D120,1026
D121,1026
D123,1026
D124,1026
D125,1026
D126,1026
D127,1026
D129,1026
D130,1026
D131,1026
D132,1026
D133,1026
D134,1026
D135,1026
D136,1026
D137,1026
D139,1026
D140,1026
D141,1026
D142,1026
D143,1026
D150,1026
D151,1026
D152,1026
D164,1026
D165,1026
D166,1026
D167,1026
D169,1026
D170,1026
D179,1026
D180,1026
D181,1026
D191,1026
D200,1026
D201,1026
D210,1026
D213,1026
D215,1026
D219,1026
D233,1026
D239,1026
D24,1026
D259,1026
D260,1026
D261,1026
D269,1026
D27,1026
D289,1026
D291,1026
D292,1026
D300,1026
D301,1026
D302,1026
D303,1026
D309,1026
D319,1026
D320,1026
D329,1026
D330,1026
D331,1026
D332,1026
D333,1026
D334,1026
D337,1026
D339,1026
D34,1026
D350,1026
D351,1026
D352,1026
D353,1026
D354,1026
D361,1026
D367,1026
D369,1026
D370,1026
D371,1026
D372,1026
D373,1026
D374,1026
D375,1026
D376,1026
D377,1026
D379,1026
D380,1026
D381,1026
D382,1026
D383,1026
D384,1026
D385,1026
D386,1026
D390,1026
D391,1026
D392,1026
D397,1026
D399,1026
D400,1026
D401,1026
D409,1026
D410,1026
D411,1026
D412,1026
D413,1026
D414,1026
D419,1026
D420,1026
D429,1026
D430,1026
D431,1026
D432,1026
D433,1026
D434,1026
D437,1026
D439,1026
D440,1026
D441,1026
D442,1026
D443,1026
D444,1026
D445,1026
D446,1026
D447,1026
D448,1026
D449,1026
D45,1026
D462,1026
D464,1026
D467,1026
D469,1026
D471,1026
D472,1026
D473,1026
D474,1026
D475,1026
D477,1026
D479,1026
D480,1026
D481,1026
D482,1026
D483,1026
D484,1026
D485,1026
D486,1026
D487,1026
D489,1026
D500,1048
D501,1048
D508,1048
D509,1048
D510,1048
D519,1048
D520,1048
D529,1048
D530,1048
D531,1048
D539,1048
D552,1048
D561,1048
D568,1048
D569,1048
D570,1048
D571,1048
D572,1048
D578,1048
D580,1048
D581,1048
D582,1048
D589,1048
D590,1048
D591,1048
D592,1048
D593,1048
D594,1048
D595,1048
D599,1048
D609,1048
D610,1048
D612,1048
D613,1048
D619,1048
D62,1048
D640,1048
D641,1048
D643,1048
D648,1048
D649,1048
D65,1048
D66,1048
D67,1048
D680,1048
D682,1048
D683,1048
D685,1048
D686,1048
D688,1048
D689,1048
D690,1048
D691,1048
D692,1048
D693,1048
D694,1048
D695,1048
D696,1048
D699,1048
D70,1048
D71,1048
D721,1048
D728,1048
D729,1048
D731,1048
D733,1048
D735,1048
D738,1048
D739,1048
D748,1048
D749,1048
D751,1048
D758,1048
D759,1048
D761,1048
D762,1048
D763,1048
D801,1048
D808,1048
D819,1048
D820,1048
D821,1048
D823,1048
D824,1048
D841,1048
D848,1048
D849,1048
D860,1048
D868,1048
D869,1048
D898,1048
D899,1048
E001,1051
E009,1051
E02,1051
E030,1051
E031,1051
E035,1051
E039,1051
E040,1051
E041,1051
E042,1051
E049,1051
E050,1051
E051,1051
E052,1051
E055,1051
E059,1051
E062,1051
E063,1051
E065,1051
E069,1051
E070,1051
E079,1051
E100,1051
E101,1051
E102,1051
E103,1051
E104,1051
E105,1051
E106,1051
E107,1051
E108,1051
E109,1051
E110,1051
E111,1051
E112,1051
E113,1051
E114,1051
E115,1051
E116,1051
E117,1051
E118,1051
E119,1051
E120,1051
E121,1051
E122,1051
E125,1051
E126,1051
E127,1051
E128,1051
E129,1051
E131,1051
E132,1051
E135,1051
E136,1051
E137,1051
E139,1051
E140,1051
E141,1051
E142,1051
E143,1051
E144,1051
E145,1051
E146,1051
E147,1051
E148,1051
E149,1051
E15,1051
E160,1051
E161,1051
E162,1051
E163,1051
E169,1051
E209,1051
E210,1051
E211,1051
E213,1051
E220,1051
E222,1051
E229,1051
E230,1051
E232,1051
E233,1051
E236,1051
E237,1051
E249,1051
E250,1051
E258,1051
E260,1051
E268,1051
E269,1051
E271,1051
E272,1051
E274,1051
E278,1051
E279,1051
E282,1051
E283,1051
E310,1051
E319,1051
E343,1051
E348,1051
E349,1051
E40,1051
E41,1051
E42,1051
E43,1051
E440,1051
E441,1051
E45,1051
E46,1051
E507,1051
E509,1051
E512,1051
E52,1051
E538,1051
E550,1051
E559,1051
E560,1051
E569,1051
E58,1051
E631,1051
E639,1051
E649,1051
E65,1051
E660,1051
E661,1051
E662,1051
E668,1051
E669,1051
E671,1051
E678,1051
E700,1051
E703,1051
E709,1051
E710,1051
E711,1051
E713,1051
E720,1051
E722,1051
E725,1051
E728,1051
E729,1051
E730,1051
E739,1051
E740,1051
E742,1051
E748,1051
E749,1051
E750,1051
E751,1051
E752,1051
E753,1051
E754,1051
E761,1051
E762,1051
E763,1051
E778,1051
E780,1051
E781,1051
E782,1051
E785,1051
E786,1051
E788,1051
E789,1051
E790,1051
E801,1051
E802,1051
E804,1051
E807,1051
E830,1051
E831,1051
E833,1051
E834,1051
E835,1051
E840,1051
E841,1051
E848,1051
E849,1051
E850,1051
E852,1051
E853,1051
E854,1051
E859,1051
E86,1051
E870,1051
E871,1051
E872,1051
E873,1051
E874,1051
E875,1051
E876,1051
E877,1051
E878,1051
E880,1051
E883,1051
E888,1051
E889,1051
F010,1055
F011,1055
F012,1055
F013,1055
F018,1055
F019,1055
F03,1055
F04,1055
F050,1055
F051,1055
F059,1055
F061,1055
F062,1055
F063,1055
F067,1055
F068,1055
F069,1055
F070,1055
F072,1055
F09,1055
F101,1055
F102,1055
F103,1055
F104,1055
F105,1055
F106,1055
F107,1055
F109,1055
F119,1055
F134,1055
F139,1055
F141,1055
F142,1055
F147,1055
F149,1055
F169,1055
F171,1055
F172,1055
F173,1055
F179,1055
F191,1055
F192,1055
F197,1055
F199,1055
F200,1055
F201,1055
F202,1055
F204,1055
F205,1055
F209,1055
F239,1055
F259,1055
F29,1055
F310,1055
F318,1055
F319,1055
F320,1055
F322,1055
F323,1055
F329,1055
F339,1055
F341,1055
F410,1055
F412,1055
F419,1055
F439,1055
F444,1055
F448,1055
F453,1055
F458,1055
F489,1055
F500,1055
F501,1055
F502,1055
F512,1055
F523,1055
F530,1055
F54,1055
F55,1055
F59,1055
F688,1055
F709,1055
F729,1055
F739,1055
F789,1055
F790,1055
F798,1055
F799,1055
F809,1055
F82,1055
F83,1055
F841,1055
F842,1055
F849,1055
F89,1055
F909,1055
F919,1055
F929,1055
F988,1055
F99,1055
G000,1058
G001,1058
G002,1058
G003,1058
G008,1058
G009,1058
G030,1058
G031,1058
G038,1058
G039,1058
G040,1058
G042,1058
G048,1058
G049,1058
G060,1058
G061,1058
G062,1058
G08,1058
G09,1058
G10,1058
G110,1058
G111,1058
G113,1058
G119,1058
G120,1058
G121,1058
G122,1058
G128,1058
G129,1058
G20,1058
G210,1058
G214,1058
G219,1058
G230,1058
G231,1058
G238,1058
G239,1058
G241,1058
G248,1058
G249,1058
G253,1058
G255,1058
G258,1058
G259,1058
G300,1058
G301,1058
G308,1058
G309,1058
G310,1058
G311,1058
G312,1058
G318,1058
G319,1058
G35,1058
G360,1058
G369,1058
G370,1058
G371,1058
G372,1058
G373,1058
G378,1058
G379,1058
G401,1058
G402,1058
G403,1058
G404,1058
G405,1058
G406,1058
G407,1058
G408,1058
G409,1058
G410,1058
G418,1058
G419,1058
G432,1058
G433,1058
G439,1058
G452,1058
G459,1058
G473,1058
G474,1058
G500,1058
G509,1058
G510,1058
G522,1058
G529,1058
G549,1058
G568,1058
G570,1058
G571,1058
G580,1058
G589,1058
G600,1058
G603,1058
G609,1058
G610,1058
G618,1058
G619,1058
G621,1058
G628,1058
G629,1058
G700,1058
G709,1058
G710,1058
G711,1058
G712,1058
G713,1058
G718,1058
G719,1058
G723,1058
G724,1058
G728,1058
G729,1058
G800,1058
G801,1058
G803,1058
G804,1058
G808,1058
G809,1058
G819,1058
G820,1058
G821,1058
G822,1058
G824,1058
G825,1058
G830,1058
G831,1058
G832,1058
G833,1058
G834,1058
G838,1058
G839,1058
G900,1058
G901,1058
G903,1058
G908,1058
G909,1058
G910,1058
G911,1058
G912,1058
G913,1058
G918,1058
G919,1058
G92,1058
G930,1058
G931,1058
G932,1058
G933,1058
G934,1058
G935,1058
G936,1058
G938,1058
G939,1058
G950,1058
G951,1058
G952,1058
G958,1058
G959,1058
G960,1058
G968,1058
G969,1058
G98,1058
H020,1062
H050,1062
H051,1062
H113,1062
H158,1062
H189,1062
H349,1062
H356,1062
H403,1062
H409,1062
H440,1062
H441,1062
H540,1062
H579,1062
H600,1063
H601,1063
H659,1063
H663,1063
H664,1063
H669,1063
H701,1063
H702,1063
H708,1063
H709,1063
H810,1063
I00,1064
I011,1064
I012,1064
I018,1064
I019,1064
I050,1064
I051,1064
I052,1064
I058,1064
I059,1064
I060,1064
I062,1064
I069,1064
I071,1064
I078,1064
I079,1064
I080,1064
I081,1064
I082,1064
I083,1064
I088,1064
I089,1064
I090,1064
I091,1064
I099,1064
I10,1064
I110,1064
I119,1064
I120,1064
I129,1064
I130,1064
I131,1064
I132,1064
I139,1064
I150,1064
I151,1064
I152,1064
I158,1064
I159,1064
I200,1064
I201,1064
I208,1064
I209,1064
I210,1064
I211,1064
I212,1064
I213,1064
I214,1064
I219,1064
I220,1064
I221,1064
I229,1064
I241,1064
I248,1064
I249,1064
I250,1064
I251,1064
I253,1064
I254,1064
I255,1064
I256,1064
I258,1064
I259,1064
I260,1064
I269,1064
I270,1064
I271,1064
I272,1064
I278,1064
I279,1064
I280,1064
I281,1064
I288,1064
I289,1064
I301,1064
I309,1064
I310,1064
I311,1064
I312,1064
I313,1064
I318,1064
I319,1064
I330,1064
I339,1064
I340,1064
I341,1064
I342,1064
I348,1064
I349,1064
I350,1064
I351,1064
I352,1064
I358,1064
I359,1064
I361,1064
I369,1064
I370,1064
I371,1064
I378,1064
I379,1064
I38,1064
I400,1064
I408,1064
I409,1064
I420,1064
I421,1064
I422,1064
I423,1064
I424,1064
I425,1064
I426,1064
I427,1064
I428,1064
I429,1064
I440,1064
I441,1064
I442,1064
I443,1064
I447,1064
I450,1064
I451,1064
I453,1064
I454,1064
I455,1064
I456,1064
I458,1064
I459,1064
I460,1064
I461,1064
I469,1064
I470,1064
I471,1064
I472,1064
I479,1064
I480,1064
I482,1064
I489,1064
I490,1064
I491,1064
I492,1064
I493,1064
I494,1064
I495,1064
I498,1064
I499,1064
I500,1064
I501,1064
I509,1064
I510,1064
I513,1064
I514,1064
I515,1064
I516,1064
I517,1064
I518,1064
I519,1064
I600,1064
I601,1064
I602,1064
I603,1064
I604,1064
I605,1064
I606,1064
I607,1064
I608,1064
I609,1064
I610,1064
I611,1064
I612,1064
I613,1064
I614,1064
I615,1064
I616,1064
I618,1064
I619,1064
I620,1064
I621,1064
I629,1064
I630,1064
I631,1064
I632,1064
I633,1064
I634,1064
I635,1064
I636,1064
I638,1064
I639,1064
I64,1064
I670,1064
I671,1064
I672,1064
I673,1064
I674,1064
I675,1064
I676,1064
I677,1064
I678,1064
I679,1064
I690,1064
I691,1064
I692,1064
I693,1064
I694,1064
I698,1064
I700,1064
I701,1064
I702,1064
I708,1064
I709,1064
I710,1064
I711,1064
I712,1064
I713,1064
I714,1064
I715,1064
I716,1064
I718,1064
I719,1064
I720,1064
I721,1064
I722,1064
I723,1064
I724,1064
I725,1064
I726,1064
I728,1064
I729,1064
I730,1064
I731,1064
I738,1064
I739,1064
I740,1064
I741,1064
I742,1064
I743,1064
I744,1064
I745,1064
I748,1064
I749,1064
I770,1064
I771,1064
I772,1064
I775,1064
I776,1064
I778,1064
I779,1064
I780,1064
I788,1064
I800,1064
I801,1064
I802,1064
I803,1064
I808,1064
I809,1064
I81,1064
I820,1064
I822,1064
I823,1064
I828,1064
I829,1064
I830,1064
I831,1064
I832,1064
I839,1064
I850,1064
I859,1064
I864,1064
I868,1064
I871,1064
I872,1064
I878,1064
I879,1064
I880,1064
I881,1064
I888,1064
I889,1064
I890,1064
I891,1064
I898,1064
I899,1064
I951,1064
I959,1064
I99,1064
J00,1072
J010,1072
J018,1072
J019,1072
J020,1072
J028,1072
J029,1072
J039,1072
J040,1072
J041,1072
J042,1072
J050,1072
J051,1072
J060,1072
J068,1072
J069,1072
J09,1072
J100,1072
J101,1072
J108,1072
J110,1072
J111,1072
J118,1072
J120,1072
J121,1072
J122,1072
J128,1072
J129,1072
J13,1072
J14,1072
J150,1072
J151,1072
J152,1072
J153,1072
J154,1072
J155,1072
J156,1072
J157,1072
J158,1072
J159,1072
J168,1072
J180,1072
J181,1072
J182,1072
J188,1072
J189,1072
J200,1072
J208,1072
J209,1072
J210,1072
J211,1072
J218,1072
J219,1072
J22,1072
J300,1072
J310,1072
J312,1072
J322,1072
J324,1072
J329,1072
J339,1072
J340,1072
J343,1072
J350,1072
J359,1072
J36,1072
J370,1072
J380,1072
J383,1072
J384,1072
J385,1072
J386,1072
J387,1072
J390,1072
J391,1072
J392,1072
J398,1072
J399,1072
J40,1072
J410,1072
J411,1072
J418,1072
J42,1072
J430,1072
J431,1072
J432,1072
J438,1072
J439,1072
J440,1072
J441,1072
J448,1072
J449,1072
J450,1072
J451,1072
J458,1072
J459,1072
J46,1072
J47,1072
J61,1072
J628,1072
J630,1072
J634,1072
J638,1072
J64,1072
J677,1072
J678,1072
J679,1072
J680,1072
J681,1072
J684,1072
J688,1072
J689,1072
J690,1072
J691,1072
J698,1072
J701,1072
J80,1072
J81,1072
J82,1072
J840,1072
J841,1072
J848,1072
J849,1072
J850,1072
J851,1072
J852,1072
J860,1072
J869,1072
J90,1072
J930,1072
J931,1072
J938,1072
J939,1072
J940,1072
J941,1072
J942,1072
J948,1072
J949,1072
J960,1072
J961,1072
J969,1072
J980,1072
J981,1072
J982,1072
J984,1072
J985,1072
J986,1072
J988,1072
J989,1072
K007,1078
K029,1078
K041,1078
K047,1078
K052,1078
K053,1078
K088,1078
K090,1078
K100,1078
K102,1078
K112,1078
K113,1078
K119,1078
K120,1078
K121,1078
K122,1078
K123,1078
K137,1078
K140,1078
K146,1078
K20,1078
K210,1078
K219,1078
K220,1078
K221,1078
K222,1078
K223,1078
K224,1078
K225,1078
K226,1078
K227,1078
K228,1078
K229,1078
K250,1078
K251,1078
K252,1078
K253,1078
K254,1078
K255,1078
K256,1078
K257,1078
K259,1078
K260,1078
K261,1078
K262,1078
K263,1078
K264,1078
K265,1078
K266,1078
K269,1078
K270,1078
K271,1078
K272,1078
K273,1078
K274,1078
K275,1078
K276,1078
K277,1078
K279,1078
K280,1078
K282,1078
K284,1078
K285,1078
K287,1078
K289,1078
K290,1078
K291,1078
K292,1078
K293,1078
K294,1078
K295,1078
K296,1078
K297,1078
K298,1078
K299,1078
K30,1078
K311,1078
K313,1078
K315,1078
K316,1078
K317,1078
K318,1078
K319,1078
K352,1078
K353,1078
K358,1078
K36,1078
K37,1078
K382,1078
K388,1078
K389,1078
K400,1078
K401,1078
K402,1078
K403,1078
K404,1078
K409,1078
K412,1078
K413,1078
K414,1078
K419,1078
K420,1078
K421,1078
K429,1078
K430,1078
K431,1078
K432,1078
K433,1078
K436,1078
K437,1078
K439,1078
K440,1078
K441,1078
K449,1078
K450,1078
K451,1078
K458,1078
K460,1078
K461,1078
K469,1078
K500,1078
K509,1078
K510,1078
K514,1078
K515,1078
K518,1078
K519,1078
K520,1078
K521,1078
K522,1078
K528,1078
K529,1078
K550,1078
K551,1078
K552,1078
K558,1078
K559,1078
K560,1078
K561,1078
K562,1078
K563,1078
K564,1078
K565,1078
K566,1078
K567,1078
K570,1078
K571,1078
K572,1078
K573,1078
K574,1078
K575,1078
K578,1078
K579,1078
K580,1078
K589,1078
K590,1078
K591,1078
K592,1078
K593,1078
K598,1078
K599,1078
K602,1078
K603,1078
K604,1078
K605,1078
K610,1078
K611,1078
K612,1078
K613,1078
K620,1078
K621,1078
K622,1078
K623,1078
K624,1078
K625,1078
K626,1078
K627,1078
K628,1078
K629,1078
K630,1078
K631,1078
K632,1078
K633,1078
K635,1078
K638,1078
K639,1078
K640,1078
K642,1078
K645,1078
K648,1078
K649,1078
K650,1078
K658,1078
K659,1078
K660,1078
K661,1078
K668,1078
K669,1078
K700,1078
K701,1078
K702,1078
K703,1078
K704,1078
K709,1078
K710,1078
K711,1078
K712,1078
K713,1078
K714,1078
K715,1078
K716,1078
K717,1078
K718,1078
K719,1078
K720,1078
K721,1078
K729,1078
K730,1078
K731,1078
K732,1078
K738,1078
K739,1078
K740,1078
K741,1078
K742,1078
K743,1078
K744,1078
K745,1078
K746,1078
K750,1078
K752,1078
K754,1078
K758,1078
K759,1078
K760,1078
K761,1078
K762,1078
K763,1078
K764,1078
K766,1078
K767,1078
K768,1078
K769,1078
K800,1078
K801,1078
K802,1078
K803,1078
K804,1078
K805,1078
K808,1078
K810,1078
K811,1078
K818,1078
K819,1078
K820,1078
K821,1078
K822,1078
K823,1078
K824,1078
K828,1078
K829,1078
K830,1078
K831,1078
K832,1078
K833,1078
K835,1078
K838,1078
K839,1078
K850,1078
K851,1078
K852,1078
K858,1078
K859,1078
K860,1078
K861,1078
K862,1078
K863,1078
K868,1078
K869,1078
K900,1078
K902,1078
K903,1078
K904,1078
K909,1078
K920,1078
K921,1078
K922,1078
K928,1078
K929,1078
L00,1082
L010,1082
L020,1082
L021,1082
L022,1082
L023,1082
L024,1082
L028,1082
L029,1082
L030,1082
L031,1082
L032,1082
L033,1082
L038,1082
L039,1082
L049,1082
L050,1082
L080,1082
L088,1082
L089,1082
L100,1082
L102,1082
L104,1082
L108,1082
L109,1082
L120,1082
L122,1082
L123,1082
L139,1082
L209,1082
L219,1082
L22,1082
L230,1082
L259,1082
L279,1082
L303,1082
L309,1082
L401,1082
L405,1082
L409,1082
L419,1082
L500,1082
L509,1082
L511,1082
L512,1082
L518,1082
L519,1082
L533,1082
L539,1082
L568,1082
L678,1082
L679,1082
L709,1082
L720,1082
L729,1082
L850,1082
L879,1082
L88,1082
L890,1082
L891,1082
L892,1082
L893,1082
L899,1082
L904,1082
L905,1082
L922,1082
L929,1082
L930,1082
L931,1082
L932,1082
L940,1082
L959,1082
L97,1082
L980,1082
L982,1082
L984,1082
L988,1082
L989,1082
M000,1083
M009,1083
M020,1083
M022,1083
M051,1083
M052,1083
M053,1083
M059,1083
M060,1083
M061,1083
M068,1083
M069,1083
M080,1083
M082,1083
M089,1083
M100,1083
M109,1083
M122,1083
M130,1083
M138,1083
M139,1083
M150,1083
M159,1083
M169,1083
M179,1083
M180,1083
M185,1083
M189,1083
M192,1083
M198,1083
M199,1083
M244,1083
M246,1083
M248,1083
M254,1083
M255,1083
M259,1083
M300,1083
M301,1083
M303,1083
M310,1083
M311,1083
M313,1083
M314,1083
M315,1083
M316,1083
M317,1083
M319,1083
M320,1083
M321,1083
M328,1083
M329,1083
M330,1083
M331,1083
M332,1083
M339,1083
M340,1083
M341,1083
M348,1083
M349,1083
M350,1083
M351,1083
M352,1083
M353,1083
M358,1083
M359,1083
M405,1083
M412,1083
M419,1083
M429,1083
M430,1083
M431,1083
M435,1083
M439,1083
M45,1083
M462,1083
M464,1083
M469,1083
M470,1083
M478,1083
M479,1083
M480,1083
M482,1083
M484,1083
M489,1083
M500,1083
M502,1083
M509,1083
M510,1083
M512,1083
M513,1083
M532,1083
M539,1083
M541,1083
M543,1083
M544,1083
M545,1083
M546,1083
M549,1083
M600,1083
M609,1083
M611,1083
M620,1083
M621,1083
M622,1083
M623,1083
M625,1083
M626,1083
M628,1083
M629,1083
M665,1083
M672,1083
M706,1083
M712,1083
M724,1083
M726,1083
M728,1083
M729,1083
M774,1083
M779,1083
M790,1083
M791,1083
M792,1083
M793,1083
M796,1083
M798,1083
M808,1083
M809,1083
M814,1083
M818,1083
M819,1083
M831,1083
M841,1083
M844,1083
M850,1083
M858,1083
M861,1083
M866,1083
M868,1083
M869,1083
M870,1083
M879,1083
M889,1083
M890,1083
M895,1083
M898,1083
M899,1083
M910,1083
M919,1083
M939,1083
M940,1083
M993,1083
M995,1083
N000,1084
N001,1084
N009,1084
N012,1084
N018,1084
N019,1084
N020,1084
N022,1084
N029,1084
N030,1084
N031,1084
N032,1084
N037,1084
N038,1084
N039,1084
N040,1084
N049,1084
N050,1084
N051,1084
N052,1084
N055,1084
N059,1084
N060,1084
N070,1084
N071,1084
N078,1084
N079,1084
N10,1084
N110,1084
N111,1084
N118,1084
N119,1084
N12,1084
N131,1084
N132,1084
N133,1084
N134,1084
N135,1084
N136,1084
N138,1084
N139,1084
N142,1084
N144,1084
N151,1084
N158,1084
N159,1084
N170,1084
N172,1084
N178,1084
N179,1084
N181,1084
N182,1084
N183,1084
N184,1084
N185,1084
N189,1084
N19,1084
N200,1084
N201,1084
N202,1084
N209,1084
N210,1084
N211,1084
N218,1084
N23,1084
N251,1084
N258,1084
N259,1084
N26,1084
N270,1084
N280,1084
N281,1084
N288,1084
N289,1084
N300,1084
N302,1084
N304,1084
N308,1084
N309,1084
N310,1084
N312,1084
N319,1084
N320,1084
N321,1084
N322,1084
N324,1084
N328,1084
N329,1084
N340,1084
N342,1084
N343,1084
N359,1084
N360,1084
N368,1084
N390,1084
N391,1084
N392,1084
N393,1084
N398,1084
N399,1084
N40,1084
N410,1084
N411,1084
N412,1084
N419,1084
N421,1084
N422,1084
N428,1084
N429,1084
N433,1084
N450,1084
N459,1084
N47,1084
N481,1084
N482,1084
N485,1084
N489,1084
N490,1084
N492,1084
N498,1084
N499,1084
N508,1084
N509,1084
N603,1084
N61,1084
N63,1084
N649,1084
N700,1084
N709,1084
N710,1084
N719,1084
N730,1084
N735,1084
N736,1084
N739,1084
N760,1084
N762,1084
N764,1084
N768,1084
N804,1084
N809,1084
N811,1084
N812,1084
N813,1084
N814,1084
N816,1084
N818,1084
N819,1084
N823,1084
N824,1084
N829,1084
N830,1084
N832,1084
N833,1084
N835,1084
N838,1084
N839,1084
N850,1084
N857,1084
N858,1084
N859,1084
N871,1084
N872,1084
N879,1084
N881,1084
N889,1084
N892,1084
N893,1084
N898,1084
N921,1084
N926,1084
N938,1084
N939,1084
N948,1084
N949,1084
O001,1087
O008,1087
O009,1087
O010,1087
O019,1087
O020,1087
O021,1087
O030,1087
O033,1087
O035,1087
O039,1087
O049,1087
O060,1087
O063,1087
O064,1087
O065,1087
O066,1087
O068,1087
O069,1087
O100,1087
O104,1087
O109,1087
O13,1087
O140,1087
O141,1087
O142,1087
O149,1087
O150,1087
O151,1087
O152,1087
O159,1087
O16,1087
O209,1087
O229,1087
O230,1087
O234,1087
O235,1087
O240,1087
O244,1087
O249,1087
O266,1087
O268,1087
O269,1087
O291,1087
O309,1087
O341,1087
O345,1087
O364,1087
O366,1087
O369,1087
O411,1087
O418,1087
O419,1087
O429,1087
O431,1087
O432,1087
O438,1087
O439,1087
O441,1087
O450,1087
O459,1087
O460,1087
O469,1087
O600,1087
O603,1087
O620,1087
O622,1087
O632,1087
O639,1087
O669,1087
O679,1087
O690,1087
O710,1087
O711,1087
O712,1087
O713,1087
O714,1087
O720,1087
O721,1087
O722,1087
O723,1087
O730,1087
O741,1087
O743,1087
O747,1087
O751,1087
O754,1087
O757,1087
O759,1087
O85,1087
O860,1087
O868,1087
O871,1087
O881,1087
O882,1087
O883,1087
O900,1087
O903,1087
O908,1087
O909,1087
O95,1087
O980,1087
O983,1087
O984,1087
O985,1087
O987,1087
O988,1087
O989,1087
O990,1087
O991,1087
O992,1087
O993,1087
O994,1087
O995,1087
O996,1087
O997,1087
O998,1087
P000,1092
P001,1092
P002,1092
P003,1092
P005,1092
P008,1092
P011,1092
P012,1092
P013,1092
P015,1092
P017,1092
P018,1092
P019,1092
P020,1092
P021,1092
P022,1092
P023,1092
P024,1092
P025,1092
P026,1092
P027,1092
P029,1092
P031,1092
P034,1092
P036,1092
P038,1092
P039,1092
P042,1092
P043,1092
P044,1092
P050,1092
P051,1092
P052,1092
P059,1092
P070,1092
P071,1092
P072,1092
P073,1092
P080,1092
P103,1092
P110,1092
P112,1092
P120,1092
P130,1092
P131,1092
P132,1092
P158,1092
P159,1092
P200,1092
P201,1092
P209,1092
P210,1092
P211,1092
P219,1092
P220,1092
P221,1092
P228,1092
P229,1092
P230,1092
P232,1092
P233,1092
P235,1092
P236,1092
P238,1092
P239,1092
P240,1092
P241,1092
P243,1092
P248,1092
P249,1092
P250,1092
P251,1092
P252,1092
P253,1092
P258,1092
P261,1092
P268,1092
P269,1092
P271,1092
P279,1092
P280,1092
P281,1092
P282,1092
P283,1092
P284,1092
P285,1092
P288,1092
P289,1092
P290,1092
P291,1092
P292,1092
P293,1092
P294,1092
P298,1092
P299,1092
P350,1092
P351,1092
P352,1092
P358,1092
P359,1092
P360,1092
P361,1092
P362,1092
P363,1092
P364,1092
P365,1092
P368,1092
P369,1092
P370,1092
P371,1092
P372,1092
P375,1092
P378,1092
P379,1092
P38,1092
P393,1092
P398,1092
P399,1092
P509,1092
P518,1092
P519,1092
P520,1092
P521,1092
P522,1092
P523,1092
P524,1092
P525,1092
P526,1092
P528,1092
P529,1092
P53,1092
P540,1092
P543,1092
P548,1092
P549,1092
P550,1092
P551,1092
P558,1092
P559,1092
P560,1092
P569,1092
P570,1092
P579,1092
P581,1092
P582,1092
P588,1092
P590,1092
P592,1092
P599,1092
P60,1092
P610,1092
P611,1092
P614,1092
P616,1092
P618,1092
P619,1092
P700,1092
P701,1092
P702,1092
P760,1092
P761,1092
P768,1092
P769,1092
P77,1092
P780,1092
P781,1092
P783,1092
P788,1092
P789,1092
P809,1092
P819,1092
P830,1092
P832,1092
P833,1092
P835,1092
P838,1092
P90,1092
P910,1092
P912,1092
P915,1092
P916,1092
P919,1092
P920,1092
P921,1092
P929,1092
P940,1092
P942,1092
P960,1092
P964,1092
P968,1092
P969,1092
Q000,1093
Q001,1093
Q002,1093
Q010,1093
Q012,1093
Q019,1093
Q02,1093
Q030,1093
Q031,1093
Q038,1093
Q039,1093
Q040,1093
Q042,1093
Q043,1093
Q046,1093
Q048,1093
Q049,1093
Q050,1093
Q051,1093
Q054,1093
Q059,1093
Q060,1093
Q061,1093
Q069,1093
Q070,1093
Q078,1093
Q079,1093
Q103,1093
Q111,1093
Q142,1093
Q188,1093
Q189,1093
Q200,1093
Q201,1093
Q202,1093
Q203,1093
Q204,1093
Q205,1093
Q206,1093
Q208,1093
Q209,1093
Q210,1093
Q211,1093
Q212,1093
Q213,1093
Q214,1093
Q218,1093
Q219,1093
Q220,1093
Q221,1093
Q222,1093
Q223,1093
Q224,1093
Q225,1093
Q226,1093
Q228,1093
Q229,1093
Q230,1093
Q231,1093
Q232,1093
Q233,1093
Q234,1093
Q238,1093
Q239,1093
Q240,1093
Q241,1093
Q242,1093
Q244,1093
Q245,1093
Q246,1093
Q248,1093
Q249,1093
Q250,1093
Q251,1093
Q252,1093
Q253,1093
Q254,1093
Q255,1093
Q256,1093
Q257,1093
Q258,1093
Q259,1093
Q260,1093
Q262,1093
Q263,1093
Q264,1093
Q265,1093
Q266,1093
Q268,1093
Q269,1093
Q273,1093
Q278,1093
Q279,1093
Q280,1093
Q282,1093
Q283,1093
Q288,1093
Q289,1093
Q301,1093
Q311,1093
Q315,1093
Q318,1093
Q319,1093
Q320,1093
Q321,1093
Q322,1093
Q323,1093
Q324,1093
Q330,1093
Q331,1093
Q333,1093
Q335,1093
Q336,1093
Q338,1093
Q339,1093
Q348,1093
Q349,1093
Q351,1093
Q359,1093
Q361,1093
Q369,1093
Q370,1093
Q372,1093
Q373,1093
Q374,1093
Q378,1093
Q379,1093
Q380,1093
Q383,1093
Q390,1093
Q391,1093
Q392,1093
Q393,1093
Q398,1093
Q399,1093
Q400,1093
Q401,1093
Q402,1093
Q408,1093
Q409,1093
Q410,1093
Q411,1093
Q412,1093
Q418,1093
Q419,1093
Q420,1093
Q421,1093
Q422,1093
Q423,1093
Q429,1093
Q430,1093
Q431,1093
Q433,1093
Q436,1093
Q437,1093
Q438,1093
Q439,1093
Q440,1093
Q441,1093
Q442,1093
Q443,1093
Q444,1093
Q445,1093
Q446,1093
Q447,1093
Q451,1093
Q453,1093
Q458,1093
Q459,1093
Q501,1093
Q510,1093
Q522,1093
Q559,1093
Q564,1093
Q600,1093
Q601,1093
Q602,1093
Q604,1093
Q605,1093
Q606,1093
Q610,1093
Q611,1093
Q612,1093
Q613,1093
Q614,1093
Q619,1093
Q620,1093
Q628,1093
Q631,1093
Q632,1093
Q633,1093
Q638,1093
Q639,1093
Q641,1093
Q645,1093
Q647,1093
Q649,1093
Q658,1093
Q660,1093
Q675,1093
Q676,1093
Q677,1093
Q678,1093
Q688,1093
Q730,1093
Q731,1093
Q743,1093
Q748,1093
Q749,1093
Q750,1093
Q751,1093
Q753,1093
Q754,1093
Q758,1093
Q759,1093
Q760,1093
Q761,1093
Q763,1093
Q764,1093
Q767,1093
Q768,1093
Q769,1093
Q771,1093
Q772,1093
Q774,1093
Q776,1093
Q778,1093
Q780,1093
Q782,1093
Q788,1093
Q789,1093
Q790,1093
Q791,1093
Q792,1093
Q793,1093
Q794,1093
Q795,1093
Q796,1093
Q798,1093
Q799,1093
Q803,1093
Q804,1093
Q808,1093
Q809,1093
Q811,1093
Q812,1093
Q819,1093
Q820,1093
Q821,1093
Q828,1093
Q850,1093
Q851,1093
Q858,1093
Q859,1093
Q860,1093
Q861,1093
Q868,1093
Q870,1093
Q871,1093
Q872,1093
Q873,1093
Q874,1093
Q878,1093
Q892,1093
Q893,1093
Q894,1093
Q897,1093
Q898,1093
Q899,1093
Q902,1093
Q909,1093
Q910,1093
Q911,1093
Q912,1093
Q913,1093
Q914,1093
Q915,1093
Q916,1093
Q917,1093
Q928,1093
Q929,1093
Q933,1093
Q934,1093
Q935,1093
Q939,1093
Q950,1093
Q969,1093
Q990,1093
Q998,1093
Q999,1093
R000,1094
R001,1094
R008,1094
R010,1094
R011,1094
R02,1094
R030,1094
R040,1094
R042,1094
R048,1094
R049,1094
R05,1094
R060,1094
R065,1094
R066,1094
R068,1094
R070,1094
R071,1094
R072,1094
R073,1094
R074,1094
R090,1094
R091,1094
R092,1094
R093,1094
R098,1094
R100,1094
R101,1094
R102,1094
R103,1094
R104,1094
R11,1094
R13,1094
R14,1094
R160,1094
R161,1094
R162,1094
R17,1094
R179,1094
R18,1094
R190,1094
R198,1094
R201,1094
R21,1094
R220,1094
R221,1094
R222,1094
R223,1094
R224,1094
R227,1094
R229,1094
R230,1094
R233,1094
R252,1094
R263,1094
R270,1094
R278,1094
R290,1094
R298,1094
R31,1094
R33,1094
R392,1094
R400,1094
R402,1094
R42,1094
R430,1094
R450,1094
R451,1094
R457,1094
R508,1094
R509,1094
R51,1094
R520,1094
R522,1094
R529,1094
R53,1094
R54,1094
R55,1094
R560,1094
R568,1094
R570,1094
R571,1094
R578,1094
R579,1094
R58,1094
R590,1094
R599,1094
R600,1094
R601,1094
R609,1094
R620,1094
R628,1094
R630,1094
R638,1094
R64,1094
R688,1094
R72,1094
R739,1094
R75,1094
R769,1094
R770,1094
R798,1094
R799,1094
R868,1094
R879,1094
R899,1094
R900,1094
R91,1094
R950,1094
R959,1094
R960,1094
R961,1094
R98,1094
R99,1094
V010,1096
V011,1096
V019,1096
V020,1096
V021,1096
V029,1096
V030,1096
V031,1096
V039,1096
V040,1096
V041,1096
V049,1096
V050,1096
V051,1096
V059,1096
V061,1096
V069,1096
V090,1096
V091,1096
V092,1096
V093,1096
V099,1096
V101,1096
V104,1096
V114,1096
V124,1096
V125,1096
V129,1096
V130,1096
V131,1096
V134,1096
V135,1096
V139,1096
V140,1096
V141,1096
V144,1096
V145,1096
V149,1096
V170,1096
V174,1096
V179,1096
V180,1096
V182,1096
V184,1096
V185,1096
V189,1096
V190,1096
V192,1096
V193,1096
V194,1096
V195,1096
V196,1096
V198,1096
V199,1096
V200,1096
V204,1096
V205,1096
V209,1096
V210,1096
V219,1096
V223,1096
V224,1096
V225,1096
V229,1096
V234,1096
V235,1096
V239,1096
V240,1096
V244,1096
V245,1096
V249,1096
V254,1096
V259,1096
V262,1096
V269,1096
V270,1096
V272,1096
V274,1096
V275,1096
V279,1096
V280,1096
V282,1096
V284,1096
V285,1096
V289,1096
V290,1096
V291,1096
V292,1096
V293,1096
V294,1096
V295,1096
V296,1096
V298,1096
V299,1096
V329,1096
V335,1096
V339,1096
V399,1096
V407,1096
V409,1096
V424,1096
V429,1096
V434,1096
V435,1096
V436,1096
V439,1096
V445,1096
V446,1096
V449,1096
V464,1096
V465,1096
V466,1096
V470,1096
V474,1096
V475,1096
V476,1096
V477,1096
V479,1096
V481,1096
V482,1096
V484,1096
V485,1096
V486,1096
V489,1096
V490,1096
V493,1096
V494,1096
V495,1096
V496,1096
V498,1096
V499,1096
V504,1096
V509,1096
V519,1096
V525,1096
V534,1096
V535,1096
V536,1096
V539,1096
V544,1096
V545,1096
V546,1096
V547,1096
V549,1096
V575,1096
V576,1096
V580,1096
V581,1096
V584,1096
V585,1096
V586,1096
V587,1096
V589,1096
V590,1096
V592,1096
V593,1096
V594,1096
V595,1096
V598,1096
V599,1096
V635,1096
V644,1096
V645,1096
V646,1096
V647,1096
V649,1096
V675,1096
V676,1096
V679,1096
V680,1096
V682,1096
V683,1096
V684,1096
V685,1096
V686,1096
V687,1096
V689,1096
V694,1096
V698,1096
V699,1096
V704,1096
V735,1096
V736,1096
V745,1096
V746,1096
V775,1096
V776,1096
V781,1096
V784,1096
V785,1096
V786,1096
V787,1096
V794,1096
V795,1096
V798,1096
V799,1096
V800,1096
V803,1096
V804,1096
V809,1096
V820,1096
V822,1096
V829,1096
V841,1096
V842,1096
V845,1096
V853,1096
V854,1096
V860,1096
V869,1096
V871,1096
V873,1096
V876,1096
V877,1096
V878,1096
V879,1096
V881,1096
V882,1096
V887,1096
V888,1096
V889,1096
V890,1096
V891,1096
V892,1096
V899,1096
V901,1096
V906,1096
V909,1096
V912,1096
V919,1096
V922,1096
V928,1096
V929,1096
V934,1096
V944,1096
V949,1096
V959,1096
V99,1096
X859,1102
X869,1102
X879,1102
X884,1102
X892,1102
X899,1102
X900,1102
X908,1102
X909,1102
X910,1102
X911,1102
X912,1102
X913,1102
X914,1102
X915,1102
X917,1102
X918,1102
X919,1102
X920,1102
X924,1102
X928,1102
X929,1102
X930,1102
X931,1102
X934,1102
X935,1102
X937,1102
X938,1102
X939,1102
X940,1102
X944,1102
X945,1102
X946,1102
X947,1102
X948,1102
X949,1102
X950,1102
X951,1102
X952,1102
X953,1102
X954,1102
X955,1102
X956,1102
X957,1102
X958,1102
X959,1102
X969,1102
X970,1102
X973,1102
X974,1102
X978,1102
X979,1102
X980,1102
X989,1102
X990,1102
X991,1102
X992,1102
X993,1102
X994,1102
X995,1102
X996,1102
X997,1102
X998,1102
X999,1102
Y000,1102
Y001,1102
Y002,1102
Y004,1102
Y005,1102
Y006,1102
Y007,1102
Y008,1102
Y009,1102
Y014,1102
Y018,1102
Y019,1102
Y020,1102
Y024,1102
Y029,1102
Y030,1102
Y034,1102
Y039,1102
Y040,1102
Y041,1102
Y044,1102
Y048,1102
Y049,1102
Y054,1102
Y059,1102
Y069,1102
Y070,1102
Y071,1102
Y078,1102
Y079,1102
Y080,1102
Y084,1102
Y087,1102
Y088,1102
Y089,1102
Y090,1102
Y091,1102
Y092,1102
Y093,1102
Y094,1102
Y095,1102
Y096,1102
Y097,1102
Y098,1102
Y099,1102
